0;0;0;0;x;x;
1;42;3;128;GARREGMACH;x;
2;84;6;1;MACH;x;
3;126;9;129;KNIGHTS;x;
4;2;12;2;MOUNTAINS;x; #Nuada mountains
5;0;15;130;SAINT;x;
6;168;45;177;HEARTH;x;
7;84;21;131;VATICAN;x;
8;126;24;4;CETHLEANN;x;
9;168;27;132;BRUIDHEAN;x;
10;0;30;5;SAGIDO;x;
11;42;33;133;CICHOL;x;
12;84;36;6;BUTADO;x;
13;126;39;134;ERENN;x;
14;168;42;7;INDECH;x;
15;0;45;135;RYUDO;x;
16;42;48;8;TORTOSA;x;
17;84;51;136;MACUIL;x;
18;126;54;9;UMADO;x;
19;168;57;137;AVES;x;
20;0;60;10;ZANADO;x;
21;42;63;138;ELIVILAR;x;
22;84;66;11;SEGUDET;x;
23;126;69;139;PREDA;x;
24;168;72;12;DROMA;x;
25;0;75;140;DERDRIU;x;
26;42;78;13;CONCILLA;x;
27;126;84;14;DEERHURST;x;
28;84;81;141;BRAUNSTONE;x;
29;168;87;142;OADBY;x;
30;0;90;15;GLENFIELD;x;
31;42;93;143;ESCOMB;x;
32;84;96;16;BARCASTER;x;
33;126;99;144;OTTERBECK;x;
34;168;102;17;WIRKSWORTH;x;
35;0;105;145;EASTMARKET;x;
36;42;108;18;THORNWICK;x;
37;84;111;146;SLEAFORD;x;
38;126;114;19;NEWHURST;x;
39;168;117;147;HARTCASTER;x;
40;0;120;20;NEATH;x;
41;42;123;148;WELLS;x;
42;84;126;21;KESGRAVE;x;
43;126;129;149;ROEHESTER;x;
44;168;132;22;RISBOROUGH;x;
45;0;135;150;THETFORD;x;
46;42;138;23;CLARENCE;x;
47;84;141;151;AKRON;x;
48;126;144;24;ALDEN;x;
49;168;147;152;MEDINA;x;
50;0;150;25;RECULVER;x;
51;42;153;153;MALMSMEY;x;
52;84;156;26;LIONEL;x;
53;126;159;154;CARTMEL;x;
54;168;162;27;DUDLEY;x;
55;0;165;155;GREY;x;
56;42;168;28;CATTERICK;x;
57;84;171;156;AVONDALE;x;
58;126;174;29;POLYDORE;x;
59;168;177;157;MYRDDIN;x;
60;0;180;30;EMRYS;x;
61;42;183;158;SYLVESTRIS;x;
62;84;186;31;LOSTWITHEL;x;
63;126;189;159;YARMOUTH;x;
64;168;192;32;WILLT;x;
65;0;195;160;LAILOKEN;x;
66;42;198;33;BORDERSLEY;x;
67;84;201;161;CARMATHEN;x;
68;126;204;34;HERGEST;x;
69;168;207;162;RHUDDLAN;x;
70;0;210;35;KENTIGERN;x;
71;42;0;163;PADSTOW;x;
72;84;3;36;DAPHNEL;x;
73;126;6;164;PENEUS;x;
74;168;9;37;LADON;x;
75;0;12;165;COINSBOROUGH;x;
76;42;15;38;IVE;x;
77;84;18;166;FULHAM;x;
78;126;21;39;STAMFORD;x;
79;168;24;167;BEVERLY;x;
80;0;27;40;CREUSA;x;
81;42;30;168;HYGINUS;x;
82;84;33;41;GOMERY;x;
83;126;36;169;OXENFURD;x;
84;168;39;42;LANGLEY;x;
85;0;42;170;MARIS;x;
86;42;45;43;WINDMARE;x;
87;84;48;171;ALDERWICK;x;
88;126;51;44;AILELL;x;
89;168;54;172;REDVALLEY;x;
90;0;57;45;STROUD;x;
91;42;60;173;CAMDEN;x;
92;84;63;46;HOLLOWAY;x;
93;126;66;174;ORDELIA;x;
94;168;69;47;ROTHERHAM;x;
95;0;72;175;PITMEDDEN;x;
96;42;75;48;FURNESS;x;
97;84;78;176;BRANDWELL;x;
98;126;81;49;STANWELL;x;
99;168;84;177;CLARE;x;
100;0;87;50;OSYTH;x;
101;42;90;178;DUNPOOL;x;
102;84;93;51;KELDHURST;x;
103;126;96;179;KIRDFORD;x;
104;168;99;52;WESTBURY;x;
105;0;102;180;MOORMARE;x;
106;42;105;53;GLOUCESTER;x;
107;84;108;181;SAUIN;x;
108;126;111;54;LANGDALE;x;
109;168;114;182;PRESBURGH;x;
110;0;117;55;WAYFORD;x;
111;42;120;183;MARSMOUTH;x;
112;84;123;56;PRESHALL;x;
113;126;126;184;CLEEVE;x;
114;168;129;57;REDHURST;x;
115;0;132;185;FOXHAM;x;
116;42;135;58;HAUGMOND;x;
117;84;138;186;HARDWICK;x;
118;126;141;59;TUFFLEY;x;
119;168;144;187;HAVAN;x;
120;0;147;60;LOXHAVEN;x;
121;42;150;188;HENTWAITHE;x;
122;84;153;61;GRIMSBY;x;
123;126;156;189;MIDDLEBY;x;
124;168;159;62;DUNBROOK;x;
125;0;162;190;EDMUND;x;
126;42;165;63;WILLISDEN;x;
127;84;168;191;CAMBORNE;x;
128;126;171;64;BRIERLEY;x;
129;168;174;192;ELY;x;
130;0;177;65;SHERBORNE;x;
131;42;180;193;SOUTHCAVE;x;
132;84;183;66;RAGLAN;x;
133;126;186;194;DARWEN;x;
134;168;189;67;NELSON;x;
135;0;192;195;ALFRETON;x;
136;42;195;68;BARWICK;x;
137;84;198;196;COLMORE;x;
138;126;201;69;JARROW;x;
139;168;204;197;LEDBURY;x;
140;0;207;70;WETHERBY;x;
141;42;210;198;RADAVA;x;
142;84;0;71;DEVANA;x;
143;126;3;199;CIZA;x;
144;168;6;72;KUPALA;x;
145;0;9;200;PERPERUNA;x;
146;42;12;73;DODOLA;x;
147;84;15;201;DILLIA;x;
148;126;18;74;GONERIL;x;
149;168;21;202;AMERSHAM;x;
150;0;24;75;PONTELAND;x;
151;42;27;203;SCARBURG;x;
152;84;30;76;MINSTER;x;
153;126;33;204;STAINFORD;x;
154;168;36;77;CASTLEFORD;x;
155;0;39;205;ASAPH;x;
156;42;42;78;ULVERSTON;x;
157;84;45;206;DULVERTON;x;
158;126;48;79;TAMWORTH;x;
159;168;51;207;LEECE;x;
160;0;54;80;CALIBAN;x;
161;42;57;208;MORLAND;x;
162;84;60;81;BARTON;x;
163;126;63;209;HEYWOOD;x;
164;168;66;82;THROATFORD;x;
165;0;69;210;KEYNES;x;
166;42;72;83;WALBURN;x;
167;84;75;211;ATHOLL;x;
168;126;78;84;STAPLEFORD;x;
169;168;81;212;CLUN;x;
170;0;84;85;SOMERTON;x;
171;42;87;213;MORCAMBE;x;
172;84;90;86;MELVILLE;x;
173;126;93;214;PALMERSTON;x;
174;168;96;87;CROSTON;x;
175;0;99;215;LISKEARD;x;
176;42;102;88;ASHEFORD;x;
177;84;105;216;PERF;x;
178;126;108;89;COLE;x;
179;168;111;217;REDDITCH;x;
180;0;114;90;SALEM;x;
181;42;117;218;TEAMHER;x;
182;84;120;91;CNOC;x;
183;126;123;219;LIAFAIL;x;
184;168;126;92;CANGORT;x;
185;0;129;220;BETH;x;
186;42;132;93;SYNODHALL;x;
187;84;135;221;FHIRDIAD;x;
188;126;138;94;LYON;x;
189;168;141;222;BRON;x;
190;0;144;95;JONAGE;x;
191;42;147;223;MORNANT;x;
192;84;150;96;MANE;x;
193;126;153;224;AMIENS;x;
194;168;156;97;AVEN;x;
195;0;159;225;TREMBE;x;
196;42;162;98;EURS;x;
197;84;165;226;ERQUY;x;
198;126;168;99;BOTMEUR;x;
199;168;171;227;RATUMAC;x;
200;0;174;0;DRAYNES;x;
201;42;177;128;DUAULT;x;
202;84;180;1;TAILTEAN;x;
203;126;183;129;LANCIEUX;x;
204;168;186;2;TRAMAIN;x;
205;0;189;130;VELIOCASSE;x;
206;42;192;3;HENON;x;
207;84;195;131;RADENAC;x;
208;126;198;4;GALATEA;x;
209;168;201;132;BONNEFOY;x;
210;0;204;5;AGNE;x;
211;42;207;133;CROIX;x;
212;84;210;6;CHARTREUSE;x;
213;126;0;134;CAENELLES;x;
214;168;3;7;BECLAC;x;
215;0;6;135;BEAULIEU;x;
216;42;9;8;HEVER;x;
217;84;12;136;COSEN;x;
218;126;15;9;GWYNE;x;
219;168;18;137;BOMMELS;x;
220;0;21;10;MORMONT;x;
221;42;24;138;CHARON;x;
222;84;27;11;VEDAS;x;
223;126;30;139;JEAN;x;
224;168;33;12;JUVINAC;x;
225;0;36;140;SHREWE;x;
226;42;39;13;ROUDEAU;x;
227;84;42;141;GOURNIER;x;
228;126;45;14;WARWISE;x;
229;168;48;142;INJOUX;x;
230;0;51;15;AUBEPIERRE;x;
231;42;54;143;LENORD;x;
232;84;57;16;FREYMING;x;
233;126;60;144;BALBIN;x;
234;168;63;17;CONAND;x;
235;0;66;145;BASCONS;x;
236;42;69;18;BISEL;x;
237;84;72;146;CHATE;x;
238;126;75;19;ESSES;x;
239;168;78;147;MARIGANE;x;
240;0;81;20;AIX;x;
241;42;84;148;AURIGNY;x;
242;84;87;21;VILLAU;x;
243;126;138;49;CHERBLE;x;
244;168;93;22;DOUVRES;x;
245;0;96;150;HYERE;x;
246;42;99;23;VESY;x;
247;84;102;151;FRALDARIUS;x;
248;126;105;24;CARROS;x;
249;168;108;152;CONTES;x;
250;0;111;25;MENTON;x;
251;42;114;153;WAPONT;x;
252;84;117;26;LALDOSA;x;
253;126;120;154;SISPONY;x;
254;168;123;27;GUISNES;x;
255;0;126;155;ARISNAL;x;
256;42;129;28;ESERRAT;x;
257;84;132;156;FOLOGNE;x;
258;126;135;29;CASASVILA;x;
259;168;138;157;ARANS;x;
260;0;141;30;GAUTIER;x;
261;42;144;158;PAU;x;
262;84;147;31;BUROS;x;
263;126;150;159;MONTARDON;x;
264;168;153;32;GUELDRE;x;
265;0;156;160;CERTERS;x;
266;42;159;33;AXIVALLE;x;
267;84;162;161;FRISE;x;
268;126;165;34;JUBERRI;x;
269;168;168;162;PAL;x;
270;0;171;35;SUDFRISE;x;
271;42;174;163;VILLA;x;
272;84;177;36;RANSOL;x;
273;126;180;164;ITHA;x;
274;168;183;37;BORDEAUX;x;
275;0;186;165;PESSAC;x;
276;42;189;38;LORMONT;x;
277;84;192;166;FOULDE;x;
278;126;195;39;CAUDROT;x;
279;168;198;167;GAURIAC;x;
280;0;201;40;MONTJOIE;x;
281;42;204;168;ESCAUDES;x;
282;84;207;41;FRONTENAC;x;
283;126;210;169;CLEVRIS;x;
284;168;0;42;GABARNAC;x;
285;0;3;170;EYRANS;x;
286;42;6;43;LANGRES;x;
287;84;9;171;CELSOY;x;
288;126;12;44;BRENNES;x;
289;168;15;172;FONTAINE;x;
290;0;18;45;JULIERS;x;
291;42;21;173;TRAMECOURT;x;
292;84;24;46;THIRON;x;
293;126;27;174;LOOZ;x;
294;168;30;47;MEYLAN;x;
295;0;33;175;LUDES;x;
296;42;36;48;GAND;x;
297;84;39;176;TALISSIEU;x;
298;126;42;49;BERTRY;x;
299;43;81;138;ADHARC;x;
300;0;48;50;LLORS;x;
301;42;51;178;MOLLERES;x;
302;84;54;51;MERILLE;x;
303;126;57;179;RYSWISE;x;
304;168;60;52;COLOMA;x;
305;0;63;180;ROCHELLE;x;
306;42;66;53;RENAIX;x;
307;84;69;181;XANDRE;x;
308;126;72;54;LAGORD;x ;
309;168;75;182;MAGDRED;x ;
310;0;78;55;VERTOU;x;
311;42;81;183;REZE;x;
312;84;84;56;HERBLAIN;x;
313;126;87;184;FLORIMONT;x ;
314;168;90;57;VILLESAUVE;x ;
315;0;93;185;ESCOUS;x;
316;42;96;58;MONTCARVEL;x;
317;84;99;186;AUBAGNE;x;
318;126;102;59;CRAVANS;;x 
319;168;105;187;LALONDE;x;
320;0;108;60;PERNAY;x;
321;42;111;188;LUYNES;x;
322;84;114;61;VOUVRAY;x;
323;126;117;189;MORTAGNE;x;
324;168;120;62;CLAIRFAYE;x;
325;0;123;190;FELINE;x;
326;42;126;63;RESIN;x ;
327;84;129;191;SONCHAMP;x ;
328;126;132;64;ESCOUREILLE;x;
329;168;135;192;LEON;x;
330;0;138;65;VALIER;x;
331;42;141;193;VERNEIX;x;
332;84;144;66;ROLAND;x;
333;126;147;194;LIMERAY;x;
334;168;150;67;MOSNES;x;
335;0;153;195;CANGEY;x;
336;42;156;68;RONCEVAUX;x;
337;84;159;196;BOULIGNY;x;
338;126;162;69;LOIRE;x;
339;168;165;197;BLAYE;x;
340;0;168;70;LESPERRE;x;
341;42;171;198;DELETTES;x;
342;84;174;71;VITRE;x;
343;126;177;199;TOURCHE;x;
344;168;180;72;CHASSEIGNES;x ;
345;0;183;200;GASPARD;x ;
346;42;186;73;RHEU;x ;
347;84;189;201;CHANTE;x ;
348;126;192;74;BRUZ;x ;
349;168;195;202;BALTHASAR;x ;
350;0;198;75;CHAMPSECRET;x ;
351;42;201;203;POUCELANGE;x;
352;84;204;76;MELCHIOR;x ;
353;126;207;204;MONTMARAULT;x ;
354;168;210;77;VENOIZE;x;
355;0;0;205;ZORASTRE;x;
356;42;3;78;DANCHARIA;x;
357;84;6;206;LAFITTE;x;
358;126;9;79;ROWE;x;
359;168;12;207;PORSE;x;
360;0;15;80;ARGOL;x;
361;42;18;208;CROZON;x ;
362;84;21;81;ARIANRHOD;x ;
363;126;24;209;LANRIVORE;x ;
364;168;27;82;AYNES;x ;
365;0;30;210;AMPUIS;x ;
366;42;33;83;VILLAUDRIC;x;
367;84;36;211;RECULEFORT;x ;
368;126;39;84;SOYERS;x;
369;168;42;212;VERO;x;
370;0;45;85;COPPEL;x;
371;42;48;213;GIDEON;x;
372;84;51;86;PLEMONT;x;
373;126;54;214;AUBIN;x  ;
374;168;57;87;HELIER;x;
375;0;60;215;MIDIAN;x ;
376;42;63;88;BASSONCOURT;x;
377;84;66;216;FRONTON;x;
378;126;69;89;GOETINGE;x;
379;168;72;217;VARIE;x;
380;0;75;90;MONTRESOR;x;
381;42;78;218;LEINE;x;
382;84;81;91;MARGUERAY;x;
383;126;84;219;TURGON;x;
384;168;87;92;MATEUS;x ;
385;0;90;220;PLEINMONT;x ;
386;42;93;93;EREE;x ;
387;84;96;221;VAZON;x;
388;126;99;94;TRICASSE;x;
389;168;102;222;GIGEAN;x;
390;0;105;95;VELOTTE;x;
391;42;108;223;METTIS;x;
392;84;111;96;MISSY;x;
393;126;114;224;LAMOURA;x;
394;168;117;97;LOURENE;x ;
395;0;120;225;URUFFE;x ;
396;42;123;98;BRICQUE;x;
397;84;126;226;GENEVIEVE;x;
398;126;129;99;ESCALLES;x ;
399;168;132;227;SANGATTE;x ;
400;0;135;0;ANDRES;x;
401;42;138;128;FRAISNES;x;
402;84;141;1;BELGENTIER;x;
403;126;144;129;ARDENGOST;x;
404;168;147;2;CHABLIS;x;
405;0;150;130;BONDILLY;x;
406;42;153;3;BRUNVILLE;x;
407;84;156;131;BISONT;x ;
408;126;159;4;CHAVANON;x ;
409;168;162;132;BUSSY;x;
410;0;165;5;BRUME;x ;
411;42;168;133;LIGURE;x ;
412;84;171;6;VARAZZE;x;
413;126;174;134;ARENZANO;x ;
414;168;177;7;TORRAINE;x ;
415;0;180;135;SCRAGNOLA;x;
416;42;183;8;LUCAIN;x;
417;84;186;136;EPINAL;x;
418;126;189;9;HAROLE;x ;
419;168;192;137;DOMPAIRE;x;
420;0;195;10;LEMO;x;
421;42;198;138;PRIMAT;x ;
422;84;201;11;VILLEVIEUX;x ;
423;126;204;139;THOURS;x ;
424;168;207;12;DERBAMONT;x;
425;0;210;140;MARFAUX;x ;
426;42;0;13;LUSIGAN;x ;
427;84;3;141;PEUFARD;x ;
428;126;6;14;NESMY;x ;
429;168;9;142;ZACHARIE;x;
430;0;12;15;SARRE;x ;
431;42;15;143;REDING;x;
432;84;18;16;NIDER;x ;
433;42;87;63;ARCHAMBAULT;x;
434;168;24;17;KERRALE;x;
435;0;27;145;AOUSTE;x;
436;42;30;18;CHARENTE;x;
437;84;33;146;PLAISE;x;
438;126;36;19;ARPENTI;x;
439;168;39;147;CAVAELLON;x;
440;0;42;20;POUGES;x;
441;42;45;148;LANNUZEL;x;
442;84;48;21;RHODOS;x;
443;126;51;149;RHODOSCOAST;x;
444;168;54;22;TROPEZ;x;
445;0;57;150;CAVALAIRE;x;
446;42;60;23;GARDAINE;x;
447;84;63;151;LAHOURD;x;
448;126;66;24;LARISSE;x;
449;168;69;152;NAUPLIE;x;
450;0;72;25;BORDEU;x;
451;42;75;153;LEUCADE;x;
452;84;78;26;PATRAS;x;
453;126;81;154;AUCH;x;
454;168;84;27;LAURION;x;
455;0;87;155;SCILLONTE;x;
456;42;90;28;BADE;;
457;84;93;156;SEPHOR;;
458;126;96;29;KILFANE;x;
459;168;99;157;VEGLISE;x;
460;0;102;30;GALILEE;x;
461;42;105;158;REDWOOD;x;
462;84;108;31;MAYENE;x;
463;126;111;159;NAZER;x;
464;168;114;32;CAONACH;x;
465;0;117;160;NORDAUX;x;
466;42;120;33;GLADIA;x;
467;84;123;161;WOODSTOWN;x;
468;126;126;34;IMPERIA;x;
469;168;129;162;REMO;x;
470;0;132;35;ALASSIO;x;
471;42;135;163;LOANO;x;
472;84;138;36;SENATORE;x;
473;126;141;164;MAGALO;x;
474;168;144;37;LALIBELA;x;
475;0;147;165;PRETORIA;x;
476;42;150;38;MOGGIO;x;
477;84;153;166;COLUTO;x;
478;126;156;39;MAGISTRAS;x;
479;168;159;167;AGGARO;x;
480;0;162;40;MIESSO;x;
481;42;165;168;NORFER;x;
482;84;168;41;ALEXRIA;x;
483;126;171;169;TIPEH;x;
484;168;174;42;PAVIA;x;
485;0;177;170;CHIOS;x;
486;42;180;43;ENBARR;x;
487;84;183;171;WILHELMDORF;x;
488;126;186;44;IONIA;x;
489;168;189;172;LYCA;x;
490;0;192;45;SEIROSEN;x;
491;42;195;173;HENNIGSDORF;x;
492;84;198;46;BRUNNAU;x;
493;126;201;174;ERKELN;x;
494;168;204;47;WOLFHOLZ;x;
495;0;207;175;INGENDORF;x;
496;42;210;48;LESTE;x;
497;84;0;176;MILBITZ;x;
498;126;3;49;BAUWERSRIET;x;
499;168;6;177;REITMEHRING;x;
500;0;9;50;BADDECKENSTEDT;x;
501;42;12;178;SEERSHAUSEN;x;
502;84;15;51;SOMMERSBACH;x;
503;126;18;179;BLEISCHMELZE;x;
504;168;21;52;FROITZHEIM;x;
505;0;24;180;BOCKERT;x;
506;42;27;53;KEUTSCHEN;x;
507;84;30;181;HRESVELG;x;
508;126;33;54;BABEL;x;
509;168;36;182;GARZAUER;x;
510;0;39;55;FASEN;x;
511;42;42;183;GORSPEN;x;
512;84;45;56;BIDING;x;
513;126;48;184;SCHMITZHEIDE;x;
514;168;51;57;DREIKRONEN;x;
515;0;54;185;APENRADE;x;
516;42;57;58;BEFTOFT;x;	
517;84;60;186;JUNGENSBERG;x;
518;126;63;59;BRENDSTRUP;x;
519;168;66;187;GABEL;x;
520;0;69;60;KERBEN;x;
521;42;72;188;HOXLUND;x;
522;84;75;61;GRAMM;x;
523;126;78;189;HRYMM;x;
524;168;81;62;EVERSTEN;x;
525;0;84;190;BORNHORST;x;
526;126;21;144;ETZHORN;x;
527;84;90;191;MAUGSTRUP;x;
528;126;93;64;DRONTHEIM;x;
529;168;96;192;HABERSLUND;x;
530;0;99;65;JERPSTEAD;x;
531;42;102;193;GEHLAU;x;
532;84;105;66;HOYER;x;
533;126;108;194;BROACKER;x;
534;168;111;67;DUPPEL;x;
535;0;114;195;EMMERLEF;x;
536;42;117;68;DURHAUS;x;
537;84;120;196;RENZ;x;
538;126;123;69;NIENDORF;x;
539;168;126;197;STOCKELDORF;x;
540;0;129;70;TAVE;x;
541;42;132;198;KARLSHOF;x;
542;84;135;71;BANDORF;x;
543;126;138;199;TOSSEN;x;
544;168;141;72;ANETSREUT;x;
545;0;144;200;BERTENSDORF;x;
546;42;147;73;IMSBACH;x;
547;84;150;201;DERICHSBERG;x;
548;126;153;74;GRONDER;x;
549;168;156;202;FRIEDRICHSTADT;x;
550;0;159;75;DRESDE;x;
551;42;162;203;PROHLIS;x;
552;84;165;76;WELTEN;x;
553;126;168;204;STEINSBRUNN;x;
554;168;171;77;EISENHUTSROT;x;
555;0;174;205;HANGENDENBUCH;x;
556;42;177;78;DACHTEL;x;
557;84;180;206;BERNITT;x;
558;126;183;79;MARIENSIEL;x;
559;168;186;207;BETTENHAUSEN;x;
560;0;189;80;METTENBUCH;x;
561;42;192;208;AIRMID;x;
562;84;195;81;ALTSTADT;x;
563;126;198;209;WERDER;x;
564;168;201;82;NORDEN;x;
565;0;204;210;SCHOLLBRUN;x;
566;42;207;83;BELES;x;
567;84;210;211;KLERF;x;
568;126;0;84;HEEDE;x;
569;168;3;212;KREUZ;x;
570;0;6;85;MONNERICH;x;
571;42;9;213;NORDORF;x;
572;84;12;86;HELZINGEN;x;
573;126;15;214;FELS;x;
574;168;18;87;RUGEN;x;
575;0;21;215;SAMTENS;x;
576;42;24;88;KLUIS;x;
577;84;27;216;BADENHAGEN;x;
578;126;30;89;BALDAU;x;
579;168;33;217;AEGIR;x;
580;0;36;90;MEDINGSHOVEN;x;
581;42;39;218;BEUEL;x;
582;84;42;91;AUGISTIN;x;
583;126;45;219;GOSABRUCK;x;
584;168;48;92;HASEN;x;
585;0;51;220;ZEILHARD;x;
586;42;54;93;HEESSEN;x;
587;84;57;221;EICHHOLZ;x;
588;126;60;94;LEMZEN;x;
589;168;63;222;KOSA;x;
590;0;66;95;SCHWOCHE;x;
591;42;69;223;WALDFRIEDEN;x;
592;84;72;96;STEINERKIRCHEN;x;
593;126;75;224;ISTERBIES;x;
594;168;78;97;LICHEN;x;
595;0;81;225;VILLINGEN;x;
596;42;84;98;NEUSORGE;x;
597;84;87;226;VARLEY;x;
598;126;90;99;EISENBURG;x;
599;168;93;227;BRUNNTHAL;x;
600;0;96;0;PULLACH;x;
601;42;99;128;GRIEBOW;x;
602;84;102;1;RIEHAUSEN;x;
603;126;105;129;EISCHLEBEN;x;
604;168;108;2;PENTE;x;
605;0;111;130;COLLIS;x;
606;42;114;3;WUSTERMARK;x;
607;84;117;131;QUESTNITZ;x;
608;126;120;4;ERPERTSHOF;x;
609;168;123;132;WILSECKER;x;
610;0;126;5;FRISCHENBURG;x;
611;42;129;133;ENGERNDORF;x;
612;84;132;6;UNTERNOGG;x;
613;126;135;134;BERGLIEZ;x;
614;168;138;7;MERCEUS;x;
615;0;141;135;BECKUM;x;
616;42;144;8;ZEMENT;x;
617;84;147;136;DALWITZHOF;x;
618;126;150;9;HINSCHENFELD;x;
619;168;153;137;EYERLOHE;x;
620;0;156;10;LENDRASS;x;
621;42;159;138;DIETENWENGEN;x;
622;84;162;11;ETTING;x;
623;126;165;139;KELL;x;
624;168;168;12;WOFFENDORF;x;
625;0;171;140;ALLMENROD;x;
626;42;174;13;STIEGLITZ;x;
627;84;177;141;FREIBURG;x;
628;126;180;14;RIESELFELD;x;
629;168;183;142;LEHEN;x;
630;0;186;15;GUARDA;x;
631;42;189;143;NORDHELLEN;x;
632;84;192;16;RUPPMANNSBURG;x;
633;126;195;144;OBERLEITEN;x;
634;168;198;17;WADDENSERWISCH;x;
635;0;201;145;ZWEITSCHEN;x;
636;42;204;18;PISKABORN;x;
637;84;207;146;DUDENRODE;x;
638;126;210;19;BIEMSEN;x;
639;168;0;147;GERTH;x;
640;0;3;20;ADEN;x;
641;42;6;148;KLOSTER;x;
642;84;9;21;KARLSRUHE;x;
643;126;12;149;SWABACH;x;
644;168;15;22;OSTERSPAI;x;
645;0;18;150;STEINKLINGEN;x;
646;42;21;23;WALTENHAM;x;
647;84;24;151;SHNELLEMANN;x;
648;126;27;24;BARKEN;x;
649;168;30;152;WESTERHOFEN;x;
650;0;33;25;METTERICH;x;
651;42;36;153;HARMATING;x;
652;84;39;26;RUSALKA;x;
653;126;42;154;RYSUM;x;
654;168;45;27;LOQUARD;x;
655;0;48;155;KAMPFEN;x;
656;42;51;28;HORNSCHLAG;x;
657;84;54;156;TACHAU;x;
658;126;57;29;AUSSIG;x;
659;168;60;157;THOENISCHEN;x;
660;0;63;30;SCHLAN;x;
661;42;66;158;LAUN;x;
662;84;69;31;KRAUSEBAUDEN;x;
663;126;72;159;TEPLITZ;x;
664;168;75;32;KOMOTAU;x;
665;0;78;160;BORAMAS;x;
666;42;81;33;BORKUM;x;
667;84;84;161;REKTOR;x;
668;126;87;34;REITER;x;
669;168;90;162;PASSERN;x;
670;0;93;35;BAKAU;x;
671;42;96;163;FRAUENBACH;x;
672;84;99;36;SCHMIDENBURG;x;
673;126;102;164;BOTOSCHAN;x;
674;168;105;37;KRONSTAFT;x;
675;0;108;165;PHILLIPENAU;x;
676;42;111;38;REBNICK;x;
677;84;114;166;NEUMARKT;x;
678;126;117;39;MORGAINE;x;
679;168;120;167;EIKSEN;x;
680;0;123;40;KELMIS;x;
681;42;126;168;BLIEBERG;x;
682;84;129;41;VORDERLAIN;x;
683;126;132;169;WULTSCH;x;
684;168;135;42;SATHMAR;x;
685;0;138;170;KLEINSITZEN;x;
686;42;141;43;UDDENHEIM;x;
687;84;144;171;SITTENHARDT;x;
688;126;147;44;DACHSBERG;x;
689;168;150;172;WARMSROTH;x;
690;0;153;45;MUSTIN;x;
691;42;156;173;PLECHIN;x;
692;84;159;46;WOLFSHOVEN;x;
693;126;162;174;STOLLBERG;x;
694;168;165;47;ESSAR;x;
695;0;168;175;FRILLENDORF;x;
696;42;171;48;FROHN;x;
697;84;174;176;BERGER;x;
698;126;177;49;LITZHALN;x;
699;168;180;177;WEGHAUSEN;x;
700;0;183;50;BUBORN;x;
701;42;186;178;GROSSEG;x;
702;84;189;51;SEETH;x;
703;126;192;179;OBERTAS;x;
704;168;195;52;ENGEL;x;
705;0;198;180;ALLA;x;
706;42;201;53;SERAPH;x;
707;84;204;181;SANDFORT;x;
708;126;207;54;JUTEN;x;
709;168;210;182;SPIEKERDORF;x;
710;0;0;55;SANZ;x;
711;42;3;183;OLRUN;x;
712;84;6;56;SEITSCHEN;x;
713;126;9;184;WENDELIN;x;
714;168;12;57;GAUPEL;x;
715;0;15;185;MUNDORF;x;
716;42;18;58;ACHTUM;x;
717;84;21;186;DROGNITZ;x;
718;126;24;59;KRONBURG;x;
719;168;27;187;OBERSINN;x;
720;0;30;60;KUXWINKEL;x;
721;42;33;188;GINEVERA;x; #XXXXXXXXXXXXXXXXXXXXXXXXXXXXXXXXXXXXXXXXXXXXX NUADA
722;84;36;61;SCHATZL;x;
723;126;39;189;NETTLESTRAUF;x;
724;168;42;62;KIRCHLEHEN;x;
725;0;45;190;HEVRING;x;
726;42;48;63;HINTEN;x;
727;84;51;191;PEHEIM;x;
728;126;54;64;WETTERSFELD;x;
729;168;57;192;PAAL;x;
730;0;60;65;EIERSHEIM;x;
731;42;63;193;NIEDERSTUTTERN;x;
732;84;66;66;BISERL;x;
733;126;69;194;EITZING;x;
734;168;72;67;ALTENRATH;x;
735;0;75;195;LANGGASSEN;x;
736;42;78;68;GRAFENKIRCHEN;x;
737;84;81;196;FLASCHBERG;x;
738;126;84;69;BODENDORF;x;
739;168;87;197;REFFLINGSEN;x;
740;0;90;70;REISS;x;
741;42;93;198;DIETENHAN;x;
742;84;96;71;HERGERHAUSEN;x;
743;126;99;199;BRONNZELL;x;
744;168;102;72;MINNING;x;
745;0;105;200;ABBINGWEHR;x;
746;42;108;73;KIELERKAMP;x;
747;84;111;201;GALLMANSWEGG;x;
748;126;114;74;SCHADEWOHL;x;
749;168;117;202;HOFWEIER;x;
750;0;120;75;RUPRECHTSHOFEN;x;
751;42;123;203;ANDEER;x;
752;84;126;76;MELCHNAU;x;
753;126;129;204;OCHS;x;
754;168;132;77;KRAUDORF;x;
755;0;135;205;HINTERHUFE;x;
756;42;138;78;VELTEN;x;
757;84;141;206;PITTEN;x;
758;126;144;79;WALLISELLEN;x;
759;168;147;207;PUNTRASCH;x;
760;0;150;80;ELLING;x;
761;42;153;208;GINGOLF;x;
762;84;156;81;KURGEN;x;
763;126;159;209;MAXLON;x;
764;168;162;82;MOHLIN;x;
765;0;165;210;TOGGENBURG;x;
766;42;168;83;BARTELS;x;
767;84;171;211;ALTMANN;x;
768;126;174;84;BOMKE;x;
769;168;177;212;CURAU;x;
770;0;180;85;KRAIL;x;
771;42;183;213;EMMENTAL;x;
772;84;186;86;LUTZELFLUH;x;
773;126;189;214;LANAU;x;
774;168;192;87;TRUNS;x;
775;0;195;215;BLATTEN;x;
776;42;198;88;FLURNSBACH;x;
777;84;201;216;BEROMUNSTER;x;
778;126;204;89;SACHSELN;x;
779;168;207;217;NUVELLE;x;
780;0;210;90;RIEDLING;x;
781;42;0;218;DEGELSDORF;x;
782;84;3;91;JAGTSBERG;x;
783;126;6;219;LINDL;x;
784;168;9;92;FUSIO;x;
785;0;12;220;ISETWALD;x;
786;42;15;93;PFLACH;x;
787;84;18;221;SEDRUN;x;
788;126;21;94;GAMS;x;
789;168;24;222;MITTRAU;x;
790;0;27;95;OBERHALSTEIN;x;
791;42;30;223;HUNNEG;x;
792;84;33;96;SKADE;x;
793;126;36;224;FELDERKOSTER;x;
794;168;39;97;GILGEN;x;
795;0;42;225;STIERSHOF;x;
796;42;45;98;WADEMANSSFELD;x;
797;84;48;226;CULLY;x;
798;126;51;99;SEON;x;
799;168;54;227;TREFNING;x;
800;0;57;0;DONGIO;x;
801;42;60;128;BRIENZ;x;
802;84;63;1;PETZELDORF;x;
803;126;66;129;THUN;x;
804;168;69;2;LATZENHOF;x;
805;0;72;130;SCHANIS;x;
806;42;75;3;BRIONAC;x;
807;84;78;131;LIEBHOF;x;
808;126;81;4;BACH;x;
809;168;84;132;HEIDENDORF;x;
810;0;87;5;THEISENBERG;x;
811;42;90;133;SUSCH;x;
812;84;93;6;MONSTEIN;x;
813;126;96;134;OBERTIEFEN;x;
814;168;99;7;ANDWIL;x;
815;0;102;135;WINTERHUR;x;
816;42;105;8;HOFERDORF;x;
817;84;108;136;SCHUPFHEIM;x;
818;126;111;9;SALUMS;x;
819;168;114;137;SLEIPNER;x;
820;0;117;10;BANSRADE;x;
821;42;120;138;ALTENRAIN;x;
822;84;123;11;MITTELDORF;x;
823;126;126;139;STEYER;x;
824;168;129;12;JEGENSTORF;x;
825;0;132;140;OESCHGEN;x;
826;42;135;13;KORB;x;
827;84;138;141;SITTEN;x;
828;126;141;14;DONZHAUSEN;x;
829;168;144;142;UNTEREICH;x;
830;0;147;15;AYER;x;
831;42;150;143;SEMBRANCHER;x;
832;84;153;16;NOSTRA;x;
833;126;156;144;WANDEN;x;
834;168;159;17;HURDEN;x;
835;0;162;145;ARUNDEL;x;
836;42;165;18;MANDORF;x;
837;84;168;146;ALVERN;x;
838;126;171;19;ALLERTING;x;
839;168;174;147;TARZENDORF;x;
840;0;177;20;SERNF;x;
841;42;180;148;GOETZENDORF;x;
842;84;183;21;AUSSERRHODEN;x;
843;126;186;149;SOLOTHURN;x;
844;168;189;22;ZEMENDORF;x;
845;0;192;150;AARBURG;x;
846;42;195;23;BIEL;x;
847;84;198;151;ARDERAL;x;
848;0;3;225;TAVETSCH;x;
849;126;201;24;BELP;x;
850;168;96;42;LINDBERG;x;
851;84;9;226;ALLE;x;
852;85;84;11;LOTSCHENTAL;x;
853;127;87;139;SCHWAN;x;
854;169;90;12;ZWANENTEICH;x;
855;126;135;84;GENGARE;x;
856;168;138;212;GIANTSICH;x;
857;0;141;85;WINDHAG;x;
858;42;144;213;SCHWABENHOF;x;
859;84;147;86;JEDENSPEIGEN;x;
860;126;150;214;TOLLERTAU;x;
861;168;153;87;NAUDERS;x;
862;0;156;215;OBERPFAFFEN;x;
863;42;159;88;HULDRA;x;
864;84;162;216;SHELLSITZ;x;
865;126;165;89;BETTENKAMPF;x;
866;168;168;217;GOLDENBEEK;x;
867;0;171;90;EBERWEISS;x;
868;42;174;218;KRANZ;x;
869;84;177;91;WILCHINGEN;x;
870;126;180;219;KLEINBERG;x;
871;168;183;92;RINKOLE;x;
872;0;186;220;LANGENFELD;x;
873;42;189;93;GESERBERG;x;
874;84;192;221;NEUHAUS;x;
875;126;195;94;WAITZENDORF;x;
876;168;198;222;OGHMA;x;
877;0;201;95;REMIRE;x;
878;42;204;223;NEULEBEN;x;
879;84;207;96;WAPENFELD;x;
880;126;210;224;BERLER;x;
881;168;0;97;KINDTHA;x;
882;168;123;82;WEISSENHOF;x;
883;126;120;209;RINDERSCHINKEN;x;
884;126;3;154;GLARSDORF;x;
885;84;117;81;BICHLACH;x;
886;168;15;227;ANLAUFTAL;x;
887;1;18;0;EISENTHAL;x;
888;43;21;128;GLASING;x;
889;85;24;1;GWIGGEN;x;
890;127;27;129;BANTEN;x;
891;169;30;2;TAMAO;x;
892;1;33;130;LEMBAK;x;
893;43;36;3;KAMNOM;x;
894;43;96;13;TAKESAR;x;
895;127;42;4;ARDNAMURCHAN;x;
896;169;45;132;PANGRUN;x;
897;1;48;5;TEMELINA;x;
898;43;51;133;SUIOCHAN;x;
899;1;93;140;PONERIANA;x;
900;127;57;134;GORMEN;x;
901;169;60;7;CHEVIOT;x;
902;1;63;135;TUAMDE;x;
903;43;66;8;BHANECOIRE;x;
904;85;69;136;CUILIN;x;
905;127;72;9;NEDIONA;x;
906;169;75;137;TIRKNOWE;x;
907;1;78;10;MHELEK;x;
908;84;132;211;DUNDEE;x;
909;0;126;210;BALLYMULLAGH;x;
910;42;129;83;BHAILLE;x;
911;0;207;25;POLLBOAS;x;
912;84;0;26;CLOCHAN;x;
913;126;48;34;BHENGHE;x;
914;84;45;161;POLLDERRY;x;
915;85;39;131;GLENCOE;x;
916;126;105;79;NUAGORM;x;
917;42;99;78;KUBHA;x;
918;168;93;77;BHEARAIG;x;
919;126;90;204;KANONO;x;
920;85;99;141;SAILURLAR;x;
921;127;102;14;BENNEVIS;x;
922;169;105;142;SEANROE;x;
923;1;108;15;BHANO;x;
924;43;111;143;BRYNIAU;x;
925;85;114;16;GONDOU;x;
926;127;117;144;GARBHDUBH;x;
927;17;40;240;BRIOSTO;x;
928;169;120;17;LISIATH;x;
929;1;123;145;BUIGLEN;x;
930;43;126;18;CRUACHOMA;x;
931;85;129;146;SKYRNE;x;
932;127;132;19;NAMEMAGH;x;
933;169;132;182;BENCRABHAT;x;
934;1;135;55;CLAONFHEARTA;x;
935;43;138;183;PORTDIMIE;x;
936;42;39;68;CULMAIGH;x;
937;84;42;196;FORRAD;x;
938;126;45;69;ARDCOBHAIL;x;
939;168;48;197;CRUACHSIDHE;x;
940;0;51;70;SLIABH;x;
941;42;54;198;ORBSEN;x;
942;0;54;35;CUCOIRE;x;
943;42;18;3;EISCIRTRA;x;
944;168;63;72;DUARTAINE;x;
945;0;66;200;OGHNAFRAOCH;x;
946;42;69;73;TUINE;x;
947;84;72;201;INNISCUL;x;
948;126;75;74;BHILA;x;
949;168;78;202;BHANUT;x;
950;0;81;75;SARAMEA;x;
951;42;84;203;EULARIA;x;
952;0;96;205;KILCANNOR;x;
953;84;180;56;BHACOILL;x;
954;126;183;184;ESKRA;x;
955;126;33;159;TALAIA;x;
956;84;15;156;BONDE;x;
957;168;204;152;MEA;x;
958;42;132;48;LISSEAN;x; #capital part 2
959;84;135;176;BHASSATIRE;x; #capital part 2
960;168;171;182;PIDHUSA;x;
961;168;141;177;BHARA;x;
962;0;144;50;PAILME;x;
963;42;147;178;NATO;x;
964;84;150;51;NATHALO;x;
965;126;153;179;COIPEADH;x;
966;168;156;52;DEULU;x;
967;0;159;180;PORTAOBH;x;
968;42;162;53;MANACOR;x;
969;84;87;76;TEARMANN;x;
970;168;21;157;OILEANALOA;x;
971;126;90;149;ACHADBONARA;x;
972;168;108;207;DUNMIDH;x;
973;126;78;39;BEALACHBHAKANA;x;
974;42;27;158;AMBALATSOPKA;x;
975;126;168;54;TABHLAMENA;x;
976;42;210;153;GLIOMACH;x;
977;168;36;32;AMLAIBHITAKA;x;
978;0;39;160;BHNDRKELY;x;
979;0;111;80;INISPORTAN;x;
980;42;12;28;AMBUNDORAN;x;
981;0;9;155;MASAMENOE;x;
982;168;51;162;GEARR;x;
983;42;114;208;DUBH;x;
984;42;57;163;SCEACHDANY;x;
985;84;60;36;FHADA;x;
986;126;63;164;BEBHADA;x;
987;168;66;37;HOBART;x;
988;0;69;165;KAMENDRIGARBH;x;
989;42;72;38;DROMDILLACH;x;
990;84;75;166;EWAN;x;
991;42;6;98;DUNBABET;x;
992;168;81;167;AMBOLIDHA;x;
993;0;84;40;GADHURA;x;
994;42;87;168;MAROLIATH;x;
995;84;90;41;MUILLEALA;x;
996;126;93;169;ARDARA;x;
997;126;12;99;ANKODONA;x;
998;0;99;170;ORLA;x;
999;42;102;43;MARINDONACILL;x;
1000;84;105;171;TALAMCRAINN;x;
1001;126;108;44;ANALODORE;x;
1002;168;111;172;MIANTSOARIBHO;x;
1003;0;114;45;SANLURI;x;
1004;42;117;173;ANDREGORUA;x;
1005;84;120;46;MAHARIBHO;x;
1006;126;123;174;DREPANO;x;
1007;168;126;47;SAHATSORUA;x;
1008;0;129;175;AMBONGATSARA;x;
1009;168;6;27;ELYMIA;x;
1010;126;18;29;ANOSIBHELO;x;
1011;42;42;33;BHARISATO;x;
1012;84;57;71;INISMOTIDHA;x;
1013;126;60;199;BEANTARAMAY;x;
1014;0;24;30;ABHE;x;
1015;42;177;183;SYRAKO;x;
1016;0;174;55;ANTEZAMORUA;x;
1017;84;30;31;ANKIABHE;x;
1018;85;54;6;ZORUA;x;
1019;84;165;181;THAPSO;x;
1020;168;186;57;ANALAMUILEANN;x;
1021;0;189;185;BALLYPORT;x;
1022;42;192;58;HIERO;x;
1023;84;195;186;BHORUA;x;
1024;126;198;59;ENNISLURGAN;x;
1025;168;201;187;DYFGARD;x;
1026;0;204;60;HOFNTHORP;x;
1027;42;207;188;KAMBURBERG;x;
1028;84;210;61;GUFIRTINDUR;x;
1029;126;0;189;DZAMINN;x;
1030;168;3;62;LAEKURSTEINN;x;
1031;0;6;190;ENGELTJORN;x;
1032;42;9;63;KVENNATHORP;x;
1033;84;12;191;MIKLABERG;x;
1034;126;15;64;SKERGANGUR;x;
1035;168;18;192;BRUBYGDVIK;x;
1036;0;21;65;EYRDENJAR;x;
1037;42;24;193;MULITUIN;x;
1038;84;27;66;BJAGENTHORP;x;
1039;169;135;147;SANDENDALR;x;
1040;1;138;20;GUNNARSDAL;x;
1041;43;141;148;GRIMVOLLR;x;
1042;85;144;21;DRAGAKOT;x;
1043;127;147;149;HORSOKN;x;
1044;169;150;22;DELGURHOLMR;x;
1045;1;153;150;VINDKALLER;x;
1046;43;156;23;GJAHARA;x;
1047;85;159;151;KHADLELDA;x;
1048;127;162;24;ONDORSVEGUR;x;
1049;169;165;152;GORIVELLIR;x;
1050;1;168;25;ORKENLEGENDE;x;
1051;43;171;153;DELSANGR;x;
1052;85;174;26;IVARHAUGR;x;
1053;127;177;154;MAGIKEREN;x;
1054;169;180;27;SERKGANGR;x;
1055;1;183;155;DJUPSGIGUR;x;
1056;43;186;28;BJARSKAGI;x;
1057;85;189;156;IDERHOFN;x;
1058;127;192;29;VIPMANSTHORP;x;
1059;169;195;157;DRAGASKARDR;x;
1060;1;198;30;YTTRIHALENDI;x;
1061;43;201;158;CHOYRODDI;x;
1062;85;204;31;HAUGER;x;
1063;127;207;159;BAJDARIKI;x;
1064;169;210;32;EROBING;x;
1065;1;0;160;UNEENOLDUR;x;
1066;43;3;33;KHYTENGANGR;x;
1067;85;6;161;BAYANHOLT;x;
1068;127;9;34;SAGAHRYGGUR;x;
1069;169;12;162;VEGURSBOTN;x;
1070;1;15;35;SANGDALR;x;
1071;43;18;163;DOLONJOKULL;x;
1072;85;21;36;AKRARKLEIF;x;
1073;127;24;164;KHOBORINGR;x;
1074;169;27;37;BORIHAFN;x;
1075;1;30;165;DRANGJA;x;
1076;43;33;38;SKOGURKIRKJA;x;
1077;85;36;166;KIRKJENSTEIN;x;
1078;127;39;39;ALDAKOT;x;
1079;169;42;167;BAYANDALR;x;
1080;1;45;40;KHANBREFABOK;x;
1081;43;48;168;FRIBORO;x;
1082;85;51;41;LAONE;x;
1083;127;54;169;CERVINO;x;
1084;169;57;42;NOVENA;x;
1085;1;60;170;TAVATE;x;
1086;43;63;43;PALU;x;
1087;255;255;255;Whitespace;x;
1088;127;69;44;RONCAGLIA;x;
1089;169;72;172;LOSANNA;x;
1090;1;75;45;SCANEVO;x;
1091;43;78;173;MALOGIA;x;
1092;85;81;46;PRETTIGOVIA;x;
1093;127;84;174;SCIAFUSSA;x;
1094;169;87;47;NUFENA;x;
1095;1;90;175;SOLETTA;x;
1096;43;93;48;SPLIGA;x;
1097;85;96;176;TOSANNA;x;
1098;127;99;49;ENGADINA;x;
1099;169;102;177;VALLESE;x;
1100;1;105;50;CERPEZZO;x;
1101;43;108;178;GLARONA;x;
1102;85;111;51;APPENZELLO;x;
1103;127;114;179;VASILEA;x;
1104;169;117;52;CASINOTTA;x;
1105;1;120;180;BERNA;x;
1106;43;123;53;GIURA;x;
1107;85;126;181;BAVERO;x;
1108;127;127;54;CAMPOVASTO;x;
1109;126;30;194;BIENNA;x;
1110;168;33;67;ATLAM;x;
1111;0;36;195;BADDEK;x;
1112;85;141;56;POUGASH;x;
1113;127;144;184;TRAKIDIAW;x;
1114;169;147;57;WAGMAT;x;
1115;1;150;185;KIPUKTUK;x;
1116;43;153;58;WHYCOCO;x;
1117;85;156;186;COBEKWID;x;
1118;127;159;59;BUKTAW;x;
1119;169;162;187;SEKWUM;x;
1120;1;165;60;KARAQET;x;
1121;43;168;188;WEQWISTOQ;x;
1122;85;171;61;MALAK;x;
1123;127;174;189;WADAVIK;x;
1124;169;177;62;KEJIMKU;x;
1125;1;180;190;MIRAMICHI;x;
1126;43;183;63;SEGEBUNKA;x;
1127;85;186;191;MEDUCTIC;x;
1128;127;189;64;MALAGASH;x;
1129;169;192;192;MIRAI;x;
1130;1;195;65;NACKAWAC;x;
1131;43;198;193;MERIGOMISH;x;
1132;85;201;66;NASHWAAK;x;
1133;127;204;194;STEWIAKE;x;
1134;169;207;67;NAUWIGE;x;
1135;1;210;195;NUKTAW;x;
1136;43;0;68;OROTO;x;
1137;85;3;196;PENNIAC;x;
1138;127;6;69;PIIKTAW;x;
1139;169;9;197;KODIAK;x;
1140;1;12;70;TAKUME;x;
1141;43;15;198;PENOBSKEE;x;
1142;85;18;71;OROMOCTO;x;
1143;127;21;199;KULLOR;x;
1144;169;24;72;banabke;x;
1145;1;27;200;AAPILLA;x;
1146;43;30;73;ATTU;x;
1147;85;33;201;UKKUSISAT;x;
1148;127;36;74;IGINNIAR;x;
1149;169;39;202;JATNAR;x;
1150;1;42;75;SIORPALUK;x;
1151;43;45;203;AKELA;x;
1152;85;48;76;NACKAWIC;x;
1153;127;51;204;FENROC;x;
1154;169;54;77;RAKSHA;x;
1155;1;57;205;WHITMANE;x;
1156;43;60;78;SABRODT;x;
1157;85;63;206;QAANAQ;x;
1158;127;66;79;KANGERLAS;x;
1159;169;69;207;NAAJAT;x;
1160;1;72;80;TASIUS;x;
1161;43;75;208;ISERTOQ;x;
1162;85;78;81;ARSUK;x;
1163;127;81;209;ILIAMAQ;x;
1164;169;84;82;HAIGHIVIK;x;
1165;1;87;210;SARFANG;x;
1166;43;90;83;ALLUIT;x;
1167;85;93;211;ESTIRIA;x;
1168;127;96;84;BRUJAS;x;
1169;169;99;212;LIEJA;x;
1170;1;102;85;CLARAVAL;x;
1171;43;105;213;RODANO;x;
1172;85;108;86;RUAN;x;
1173;127;111;214;LORENA;x;
1174;169;114;87;ESCANIA;x;
1175;1;117;215;TIRO;x;
1176;43;120;88;CAPAZ;x;
1177;85;123;216;RINCON;x;
1178;127;126;89;MURKESH;x;
1179;169;129;217;WASHUGAN;x;
1180;1;132;90;MUMBAKA;x;
1181;43;135;218;ARPAK;x;
1182;85;138;91;CHAGAR;x;
1183;127;141;219;TARBISH;x;
1184;169;144;92;ARAPH;x;
1185;1;147;220;SHUBAT;x;
1186;43;150;93;SHIBAN;x;
1187;85;153;221;NEREB;x;
1188;127;156;94;TAREMMU;x;
1189;169;159;222;ARAD;x;
1190;1;162;95;SHEDESH;x;
1191;43;165;223;RASHNAGAR;x;
1192;85;168;96;NEHEBEHDET;x;
1193;127;171;224;TERKAH;x;
1194;169;174;97;TUMYATTHA;x;
1195;1;177;225;REKET;x;
1196;43;180;98;GIBEZA;x;
1197;85;183;226;NERENU;x;
1198;127;186;99;AKHOTEP;x;
1199;169;189;227;QITO;x;
1200;1;192;0;DJORAMENYET;x;
1201;43;195;128;WADJISH;x;
1202;85;198;1;KLITO;x;
1203;127;201;129;BUHENEKH;x;
1204;169;204;2;PTHUBAT;x;
1205;1;207;130;FARSHISH;x;
1206;43;210;3;TARMINHOR;x;
1207;85;0;131;SUKHMEN;x;
1208;127;3;4;PER-HEKAU;x;
1209;169;6;132;INGESH;x;
1210;1;9;5;UNALITAH;x;
1211;43;12;133;UDESSU;x;
1212;85;15;6;LIALU;x;
1213;127;18;134;DJEB;x;
1214;169;21;7;FARDJUMAT;x;
1215;1;24;135;KHASANEMHAT;x;
1216;43;27;8;HAKUR;x;
1217;85;30;136;AMKHAMARAT;x;
1218;127;33;9;ENLIL;x;
1219;169;36;137;MINATENNU;x;
1220;1;39;10;KHASVET;x;
1221;43;42;138;DURAMON;x;
1222;85;45;11;SHANUSHIR;x;
1223;127;48;139;SENETHIS;x;
1224;169;51;12;KETMENY;x;
1225;1;54;140;GEBET;x;
1226;43;57;13;DJAFENSET;x;
1227;43;72;143;NEBKHARE;x;
1228;85;60;141;ANAT;x;
1229;127;63;14;SEKHEPESH;x;
1230;169;66;142;RUBAZZU;x;
1231;1;69;15;ANNUMUT;x;
1232;85;75;16;HEBSHEM;x;
1233;127;78;144;ISFET;x;
1234;169;81;17;KHESASHUT;x;
1235;1;84;145;WARET;x;
1236;43;87;18;NEKNYAMOR;x;
1237;85;90;146;PERMAKHT;x;
1238;127;93;19;ZARUMASH;x;
1239;169;96;147;BOSTREHWY;x;
1240;1;99;20;KHANESFET;x;
1241;43;102;148;TJAMUT;x;
1242;85;105;21;BELIIT;x;
1243;127;108;149;SHEZZEN;x;
1244;169;111;22;TASHKUR;x;
1245;1;114;150;BIGUAT;x;
1246;43;117;23;KUTAL;x;
1247;85;120;151;SOMENHOR;x;
1248;127;123;24;WADJI;x;
1249;169;126;152;ASHUR;x;
1250;1;129;25;KISHNARRU;x;
1251;43;132;153;PERTAPSI;x;
1252;85;135;26;ZIRHAT;x;
1253;127;138;154;DAKHOR;x;
1254;169;141;27;KHASUT;x;
1255;1;144;155;GILGANEFER;x;
1256;43;147;28;KHEM;x;
1257;85;150;156;EMAH;x;
1258;127;153;29;CHADET;x;
1259;169;156;157;NABONAHIDDU;x;
1260;1;159;30;SEBEH;x;
1261;43;162;158;UTUATEP;x;
1262;85;165;31;BEHKHAMTY;x;
1263;127;168;159;BURRUKAMMU;x;
1264;169;171;32;ISFET;x;
1265;1;174;160;AMURRI;x;
1266;43;177;33;ABULMAHHU;x;
1267;85;180;161;NADINAPEP;x;
1268;127;183;34;BARSARRU;x;
1269;169;186;162;LIBURMETUM;x;
1270;1;189;35;HADJET;x;
1271;43;192;163;ABULANSHU;x;
1272;85;195;36;GEMEKH;x;
1273;127;198;164;ENNAMHUTEP;x;
1274;169;201;37;DAMKHENUM;x;
1275;1;204;165;ISHTHUT;x;
1276;43;207;38;ANUNAT;x;
1277;85;210;166;ARTURAS;x; #mountain albinea
1278;127;0;39;OSUL;x;
1279;169;3;167;MUSOBOZOR;x;
1280;1;6;40;PIYET;x;
1281;43;9;168;KATTARIKAMYSH;x;
1282;85;12;41;SHAKHZUT;x;
1283;127;15;169;ZARREH;x;
1284;169;18;42;ZIYARUT;x;
1285;1;21;170;NAYZABULOQ;x;
1286;43;24;43;CHARSEM;x;
1287;85;27;171;MIYENA;x;
1288;127;30;44;KHIYMOT;x;
1289;169;33;172;MASHAYA;x;
1290;1;36;45;GHURIYE;x;
1291;43;39;173;QUMASH;x;
1292;85;42;46;GAZIVLAK;x;
1293;127;45;174;SOR;x;
1294;169;48;47;HAVIBAD;x;
1295;1;51;175;DIYEZICHEH;x;
1296;43;54;48;KUIBUYLEN;x;
1297;85;57;176;HERMOK;x;
1298;127;60;49;NOVEDEH;x;
1299;169;63;177;HAFTARAN;x;
1300;1;66;50;KHOJILDYOR;x;
1301;43;69;178;ATISHISAN;x;
1302;85;72;51;QESHLAKIYA;x;
1303;127;75;179;VEDEMDARA;x;
1304;169;78;52;DARREHBAD;x;
1305;1;81;180;SAQINEH;x;
1306;43;84;53;DOLONIYE;x;
1307;85;87;181;KASHUGEN;x;
1308;127;90;54;VALIABAD;x;
1309;169;93;182;ZIYARAVAND;x;
1310;1;96;55;SURKH;x;
1311;43;99;183;MERKEHBON;x;
1312;85;102;56;DASHTEMORD;x;
1313;127;105;184;CHINAR;x;
1314;169;108;57;RAGBIYA;x;
1315;1;111;185;SEHTOF;x;
1316;43;114;58;PUSHTIKHARGON;x;
1317;85;117;186;RAZIAPUR;x;
1318;127;120;59;SHIREHABAD;x;
1319;169;123;187;TAPPEHBEYA;x;
1320;1;126;60;DASHTAMIN;x;
1321;43;129;188;SANGA;x;
1322;85;132;61;MURDSAR;x;
1323;127;135;189;TARTKU;x;
1324;169;138;62;KHELEDABAD;x;
1325;1;141;190;KULIDNAH;x;
1326;43;144;63;QAMBARAST;x;
1327;85;147;191;ZARANJ;x;
1328;127;150;64;HAMEDAPUR;x;
1329;169;153;192;SHAMEHNA;x;
1330;1;156;65;PUGUSH;x;
1331;43;159;193;GHALEMAKHT;x;
1332;85;162;66;QESHMARAPUR;x;
1333;127;165;194;KALAISHODI;x;
1334;169;168;67;SHAVALEH;x;
1335;1;171;195;JAFFAPUR;x;
1336;43;174;68;CHIMEPE;x;
1337;85;177;196;BAZARGAN;x;
1338;127;180;69;KUBULYON;x;
1339;169;183;197;BESHQAREH;x;
1340;1;186;70;GONDAPUR;x;
1341;43;189;198;JARREH;x;
1342;85;192;71;SONI;x;
1343;127;195;199;DIDARGAHE;x;
1344;169;198;72;NASHRABAD;x;
1345;1;201;200;MINATUK;x;
1346;43;204;73;BARMULK;x;
1347;85;207;201;KULOJ;x;
1348;127;210;74;MAGOVIYE;x;
1349;169;0;202;KHARGOD;x;
1350;1;3;75;MIYALU;x;
1351;43;6;203;QITAHNA;x;
1352;85;9;76;KALATIYAM;x;
1353;127;12;204;DARANA;x;
1354;169;15;77;KOBALAPUR;x;
1355;1;18;205;SHURGUZAR;x;
1356;43;21;78;ANUJ;x;
1357;85;24;206;MAHRABAD;x;
1358;127;27;79;KUCHKAK;x;
1359;169;30;207;ARUN;x;
1360;1;33;80;LASANEH;x;
1361;43;36;208;BAYNALMINAL;x;
1362;85;39;81;SHURAB;x;
1363;127;42;209;SHOLUBAD;x;
1364;169;45;82;KOSHDARA;x;
1365;1;48;210;SHAHVERDEH;x;
1366;43;51;83;KIZILHAR;x;
1367;85;54;211;SHIRRABAD;x;
1368;127;57;84;TARYKAM;x;
1369;169;60;212;BOSTANAPUR;x;
1370;1;63;85;ARZANY;x;
1371;43;66;213;OKTOSHIYE;x;
1372;85;69;86;PASUJAN;x;
1373;127;72;214;MAHASTAYE;x;
1374;169;75;87;CHILDUKHTAR;x;
1375;1;78;215;ZARAGHEH;x;
1376;43;81;88;UJJAQ;x;
1377;85;84;216;QALATAN;x;
1378;127;87;89;SHAHRAJIYE;x;
1379;169;90;217;QAZIDEH;x;
1380;1;93;90;KAHBAD;x;
1381;43;96;218;SHORTOQAY;x;
1382;85;99;91;BOLAQAPUR;x;
1383;127;102;219;SHARIFABAL;x;
1384;169;105;92;MARTAKHY;x;
1385;1;108;220;SARAKIYA;x;
1386;43;111;93;MIRAHMAD;x;
1387;85;114;221;VAJIM;x;
1388;127;117;94;KHODAVERD;x;
1389;169;120;222;POSHTEH;x;
1390;1;123;95;HEYRABAD;x;
1391;43;126;223;SEYMAN;x;
1392;85;129;96;PARMEH;x;
1393;127;132;224;AMISARA;x;
1394;169;135;97;QURTESH;x;
1395;1;138;225;KACHUPUR;x;
1396;43;141;98;ESPARDAHAN;x;
1397;85;144;226;ARPALYKH;x;
1398;127;147;99;GURCHAK;x;
1399;169;150;227;KAHIZAPUR;x;
1400;1;153;0;BARNAJJIYE;x;
1401;43;156;128;HAVESHK;x;
1402;85;159;1;GOLISORG;x;
1403;127;162;129;LAJINI;x;
1404;169;165;2;BUNEH;x;
1405;1;168;130;MARDAN;x;
1406;43;171;3;KALIYEH;x;
1407;85;174;131;PURCHAM;x;
1408;169;132;32;URTAKAND;x;
1409;169;180;132;QARGOL;x;
1410;1;183;5;BIYUKHAL;x;
1411;43;186;133;KALUK;x;
1412;85;189;6;BALA;x;
1413;127;192;134;KAFAZ;x;
1414;169;195;7;SAHRI;x;
1415;1;198;135;SERDAN;x;
1416;43;201;8;RUJNEMO;x;
1417;85;204;136;NAJJAR;x;
1418;127;207;9;ZEBRUD;x;
1419;169;210;137;DULAKH;x;
1420;1;0;10;SHEKAFT;x;
1421;43;3;138;PENAH;x;
1422;85;6;11;BAINA;x;
1423;127;9;139;POSHPAR;x;
1424;169;12;12;HEYDAR;x;
1425;1;15;140;DARUKAN;x;
1426;43;18;13;CHELMEH;x;
1427;85;21;141;PUZAPUR;x;
1428;127;24;14;KODRUT;x;
1429;169;27;142;KANEPA;x;
1430;1;30;15;KHEYRABAD;x;
1431;43;33;143;TUBRAH;x;
1432;85;36;16;HURKATI;x;
1433;127;39;144;KHARABPUR;x;
1434;169;42;17;DAVZDAH;x;
1435;1;45;145;MALICHEH;x;
1436;43;48;18;NIRABAD;x;
1437;85;51;146;SHAHPUR;x;
1438;127;54;19;ZARABAD;x;
1439;169;57;147;MAYEHABAD;x;
1440;1;60;20;KHANDAT;x;
1441;86;135;186;SHIMPUR;x;
1442;128;138;59;SEDABAD;x;
1443;170;141;187;QAJ;x;
1444;2;144;60;ZANAGUN;x;
1445;44;147;188;BENIVAN;x;
1446;86;150;61;ZANGALAB;x;
1447;128;153;189;MARANDEGAN;x;
1448;170;156;62;MIRTAS;x;
1449;2;159;190;JALAL;x;
1450;44;162;63;SEYYAPUR;x;
1451;86;165;191;GENEHDA;x;
1452;128;168;64;MIRABBAS;x;
1453;170;171;192;KONAR;x;
1454;2;174;65;GENNAHA;x;
1455;44;177;193;MASSAN;x;
1456;86;180;66;CHANGUREH;x;
1457;170;201;197;SHIRJU;x;
1458;2;204;70;KARKEH;x;
1459;44;207;198;ANDERIK;x;
1460;1;120;30;KHAWEH;x;
1461;43;123;158;DARZI;x;
1462;85;126;31;KIDRI;x;
1463;127;129;159;MOGH;x;
1464;127;177;4;CHANGAN;x;
1465;1;135;160;PURSEKHLU;x;
1466;43;138;33;JEDAYAH;x;
1467;85;141;161;KARMALI;x;
1468;127;144;34;DEHGAH;x;
1469;169;147;162;KALGAH;x;
1470;1;150;35;MOLHEH;x;
1471;43;153;163;DINABIYE;x;
1472;85;156;36;DAFSAR;x;
1473;127;159;164;DAHAN;x;
1474;169;162;37;KABUDEH;x;
1475;1;165;165;BASOLYA;x;
1476;43;168;38;LAFMUJAN;x;
1477;85;171;166;KORDHA;x;
1478;127;174;39;DUDAY;x;
1479;169;177;167;CHAHAR;x;
1480;1;180;40;BOLDAGH;x;
1481;43;183;168;CHENAR;x;
1482;85;186;41;ZITGADAF;x;
1483;127;189;169;USHAN;x;
1484;169;192;42;GATULIYEH;x;
1485;1;195;170;MARDEH;x;
1486;43;198;43;MAIMON;x;
1487;85;201;171;KHATER;x;
1488;127;204;44;BURAKIYAH;x;
1489;169;207;172;KARIZ;x;
1490;1;210;45;MOLLAHI;x;
1491;43;0;173;KHUSHI;x;
1492;85;3;46;ZENIVAND;x;
1493;127;6;174;SAMANGAN;x;
1494;169;9;47;GHONCHEH;x;
1495;1;12;175;HUBARY;x;
1496;43;15;48;NOVKHALEH;x;
1497;85;18;176;MOROWAT;x;
1498;127;21;49;AMINABAD;x;
1499;169;24;177;CHALEH;x;
1500;1;27;50;KESANJ;x;
1501;54;14;244;KHESAN;x;
1502;85;33;51;FATIDEH;x;
1503;127;36;179;TAFIN;x;
1504;169;39;52;GARMANDAR;x;
1505;1;42;180;KUHKHIRD;x;
1506;43;45;53;KALEKAN;x;
1507;85;48;181;JANABAD;x;
1508;127;51;54;UZVAR;x;
1509;169;54;182;HARIDUK;x;
1510;1;57;55;NEVMAHAN;x;
1511;43;60;183;DASHTECHAH;x;
1512;85;63;56;BUREH;x;
1513;127;66;184;SAVAR;x;
1514;169;69;57;KAREKAI;x;
1515;1;72;185;DOGIJAN;x;
1516;43;75;58;KERDIL;x;
1517;85;78;186;ZEYNUDDIN;x;
1518;127;81;59;KHORRAMAN;x;
1519;169;84;187;POSHTEKHAN;x;
1520;1;87;60;KOSHKE_SHOKUH;x;
1521;43;90;188;SAMIAN;x;
1522;85;93;61;LANJEH;x;
1523;127;96;189;DARGAZ;x;
1524;169;99;62;BANEHDAR;x;
1525;1;102;190;KUHESTAN;x;
1526;43;105;63;SARAB;x;
1527;85;108;191;TAKHTE_KHORSHID;x;
1528;127;111;64;KHUNZA;x;
1529;169;114;192;SHIBOLA;x;
1530;1;117;65;KENNAPUR;x;
1531;43;120;193;BANDEBAL;x;
1532;85;123;66;KARIZIBAD;x;
1533;127;126;194;JAM;x;
1534;169;129;67;DAWUDSHAH;x;
1535;1;132;195;ABSIN;x;
1536;43;135;68;GHANAK;x;
1537;85;138;196;MAKU;x;
1538;127;141;69;CHEMWOZAI;x;
1539;169;144;197;IRGIN;x;
1540;1;147;70;ZAKRABAD;x;
1541;43;150;198;SARAZP;x;
1542;85;153;71;QUL;x;
1543;127;156;199;SAFARIYA;x;
1544;169;159;72;MIRANZKAL;x;
1545;1;162;200;KHINDAYA;x;
1546;43;165;73;KHAYL;x;
1547;85;168;201;YAZIKEL;x;
1548;127;171;74;NEKZI;x;
1549;169;174;202;JALAYIR;x;
1550;1;177;75;QADAM;x;
1551;43;180;203;JAGDA;x;
1552;85;183;76;BAHLOZAI;x;
1553;127;186;204;KAMAR;x;
1554;169;189;77;SARBULAK;x;
1555;1;192;205;KULIKETAR;x;
1556;43;195;78;KAMARAK;x;
1557;85;198;206;KUYYE;x;
1558;127;201;79;KHAMIA;x;
1559;169;204;207;ZARGHUN;x;
1560;1;207;80;PETAW;x;
1561;43;210;208;VILAYATI;x;
1562;85;0;81;TOKARAK;x;
1563;127;3;209;MALVAI;x;
1564;169;6;82;HAZARIYE;x;
1565;1;9;210;NIKEGANO;x;
1566;43;12;83;KHUZGOL;x;
1567;85;15;211;DEHANA;x;
1568;127;18;84;AVPARAN;x;
1569;169;21;212;BURKHANA;x;
1570;1;24;85;CHAPSAI;x;
1571;43;27;213;TANGAI;x;
1572;85;30;86;TUTACHI;x;
1573;127;33;214;KARAMAI;x;
1574;169;36;87;CHAPKUL;x;
1575;1;39;215;KELAI;x;
1576;43;42;88;BENOSH;x;
1577;85;45;216;GONGOR;x;
1578;127;48;89;KANDUY;x;
1579;169;51;217;MIRO;x;
1580;1;54;90;KALAISA;x;
1581;43;57;218;KARPARI;x;
1582;85;60;91;MUSHAK;x;
1583;127;63;219;BAKKEYL;x;
1584;169;66;92;PARIDEH;x;
1585;1;69;220;ZAMANKEYL;x;
1586;43;72;93;SHAHIKEYL;x;
1587;85;75;221;DALIL;x;
1588;127;78;94;GHOLJAH;x;
1589;169;81;222;KHYALI;x;
1590;1;84;95;MAHANKALAI;x;
1591;43;87;223;SARAVAN;x;
1592;85;90;96;KAMARIYE;x;
1593;127;93;224;DIVARAKIYE;x;
1594;169;96;97;ZARD;x;
1595;1;99;225;TANGURAI;x;
1596;43;102;98;URBANAI;x;
1597;85;105;226;DARGAH;x;
1598;127;108;99;YASICH;x;
1599;169;111;227;KHINJAKKA;x;
1600;1;114;0;KALAKAN;x;
1601;43;117;128;MALIKABAD;x;
1602;85;120;1;NEVRAH;x;
1603;127;123;129;PARMAKAN;x;
1604;169;126;2;PAITOW;x;
1605;1;129;130;GONEBAD;x;
1606;43;132;3;SHUREH;x;
1607;85;135;131;LUYAH;x;
1608;127;138;4;SORKH;x;
1609;169;141;132;CHINEH;x;
1610;1;144;5;PUSHTA;x;
1611;43;147;133;PAIMAL;x;
1612;85;150;6;LANGAR;x;
1613;127;153;134;ULYAD;x;
1614;169;156;7;NAVDI;x;
1615;1;159;135;SATTAR;x;
1616;43;162;8;BUHASN;x;
1617;85;165;136;KIYAT;x;
1618;127;168;9;FARSHAH;x;
1619;169;171;137;RAYANA;x;
1620;1;174;10;ANAKHRA;x;
1621;43;177;138;HADA;x;
1622;85;180;11;SUSAYRAH;x;
1623;127;183;139;FIWAN;x;
1624;169;186;12;GHAYA;x;
1625;1;189;140;MANIQ;x;
1626;43;192;13;THARMIDAH;x;
1627;85;195;141;BASR;x;
1628;127;198;14;KHEI;x;
1629;169;201;142;GHUMAYYISAH;x;
1630;1;204;15;ZUMAYGAH;x;
1631;43;207;143;FAYIDAH;x;
1632;85;210;16;SHUQAYQ;x;
1633;127;0;144;GABACK;x;
1634;169;3;17;KHUZAYYAH;x;
1635;1;6;145;ABASUD;x;
1636;43;9;18;HAIYA;x;
1637;85;12;146;RUBUA;x;
1638;127;15;19;SURRAH;x;
1639;169;18;147;ALUJAYD;x;
1640;1;21;20;RAWJAT;x;
1641;43;24;148;RAYNIBAH;x;
1642;85;27;21;AUR;x;
1643;127;30;149;JABAILAH;x;
1644;169;33;22;KHUFAYFAH;x;
1645;1;36;150;AYUN;x;
1646;43;39;23;ZAFEER;x;
1647;85;42;151;BUKAYRAYAH;x;
1648;127;45;24;YANBU;x;
1649;169;48;152;WASTA;x;
1650;1;51;25;ASUBAYI;x;
1651;43;54;153;DAFF;x;
1652;85;57;26;HAIMA;x;
1653;127;60;154;RUKUBAH;x;
1654;169;63;27;AWAD;x;
1655;1;66;155;BALAQ;x;
1656;43;69;28;GHARITH;x;
1657;85;72;156;NUSIYYAH;x;
1658;127;75;29;SURAYAH;x;
1659;169;78;157;RAHIMAH;x;
1660;1;81;30;MARKAZ;x;
1661;43;84;158;MEKKILAH;x;
1662;85;87;31;SAYYIRAH;x;
1663;127;90;159;MOYKATTA;x;
1664;169;93;32;AMRING;x;
1665;1;96;160;BUQAY;x;
1666;43;99;33;TEREM;x;
1667;85;102;161;OMADA;x;
1668;127;105;34;SHARIKHIYAH;x;
1669;169;108;162;GUSHIRTOV;x;
1670;1;111;35;KARAKCHI;x;
1671;43;114;163;GAJJIYA;x;
1672;85;117;36;KHALFA;x;
1673;127;120;164;VOGAT;x;
1674;169;123;37;MAYZA;x;
1675;1;126;165;PASKITOMCHI;x;
1676;43;129;38;PISKOKAT;x;
1677;85;132;166;DAYLAMIYAH;x;
1678;127;135;39;CHUGARAK;x;
1679;169;138;167;KARAGACH;x;
1680;1;141;40;AMIYAH;x;
1681;43;144;168;GOUGAVD;x;
1682;85;147;41;SEIDZH;x;
1683;127;150;169;INABAD;x;
1684;169;153;42;AL_MIRAJ;x;
1685;1;156;170;SKAVABAD;x;
1686;43;159;43;SAIDKORGHON;x;
1687;85;162;171;JIIBAYAD;x;
1688;127;165;44;OGBULOG;x;
1689;169;168;172;LENGEH;x;
1690;1;171;45;KALTEK;x;
1691;43;174;173;LAGMAN;x;
1692;85;177;46;CHABULAK;x;
1693;127;180;174;LUPUSAD;x;
1694;169;183;47;BOSHBULOK;x;
1695;1;186;175;OBINUKRA;x;
1696;43;189;48;SHULULU;x;
1697;85;192;176;TOSHAT;x;
1698;127;195;49;QARATOSH;x;
1699;169;198;177;BULAKIZAL;x;
1700;1;201;50;SHUROB;x;
1701;43;204;178;YEL;x;
1702;85;207;51;MEDENSHOR;x;
1703;127;210;179;KHOSHTHO;x;
1704;169;0;52;BALAGDASH;x;
1705;1;3;180;ABDAN;x;
1706;43;6;53;HARIYULI;x;
1707;85;9;181;KURKAT;x;
1708;127;12;54;LUCHOB;x;
1709;169;15;182;MEKHNATABOD;x;
1710;1;18;55;QALOHNA;x;
1711;43;21;183;SAKSANOKHUR;x;
1712;85;24;56;RAVADIK;x;
1713;127;27;184;KHULOZY;x;
1714;169;30;57;BASHKOMAZ;x;
1715;1;33;185;ZOSUN;x;
1716;43;36;58;SETTILMIRISH;x;
1717;85;39;186;VOPAZUR;x;
1718;127;42;59;TOVABULOK;x;
1719;169;45;187;FORU;x;
1720;1;48;60;ZORCHAL;x;
1721;43;51;188;GUYUNDAR;x;
1722;85;54;61;QATAGHAN;x;
1723;127;57;189;VAGEL;x;
1724;169;60;62;VOZM;x;
1725;1;63;190;PULIGIRDOB;x;
1726;43;66;63;SURKHASHMA;x;
1727;85;69;191;TSZUN;x;
1728;127;72;64;SUNDEN;x;
1729;169;75;192;HEBTEME;x;
1730;1;78;65;SAYNTSAGAAN;x;
1731;43;81;193;SEERLIIN;x;
1732;85;84;66;MINGAT;x;
1733;127;87;194;DALTHID;x;
1734;169;90;67;DOYNHOR;x;
1735;1;93;195;DALAN;x;
1736;43;96;68;ZAMUNIDE;x;
1737;85;99;196;KHOSHU;x;
1738;127;102;69;SANTUMA;x;
1739;169;105;197;KHARAGANAIN;x;
1740;1;108;70;ARIGYNN;x;
1741;43;111;198;KHOTOHURE;x;
1742;85;114;71;BAYKID;x;
1743;127;117;199;LUMA;x;
1744;169;120;72;BYANURAL;x;
1745;1;123;200;DZOHOD;x;
1746;43;126;73;NARIIN;x;
1747;85;129;201;USATANII;x;
1748;127;132;74;BURGAASA;x;
1749;169;135;202;NALAIKHA;x;
1750;1;138;75;PALAN;x;
1751;43;141;203;UNDENTS;x;
1752;85;144;76;BALJI;x;
1753;127;147;204;DARAHIN;x;
1754;169;150;77;SULOBOTUIN;x;
1755;1;153;205;URAGYYN;x;
1756;43;156;78;BANDI;x;
1757;85;159;206;BUYANTU;x;
1758;127;162;79;DUGUHANTYRYN;x;
1759;169;165;207;BUYANTAYN;x;
1760;1;168;80;KHAYUTU;x;
1761;43;171;208;ABAGAYN;x;
1762;85;174;81;MOGOYN;x;
1763;127;177;209;DOLONI;x;
1764;169;180;82;DARHANTAYEE;x;
1765;1;183;210;TSAGAN;x;
1766;43;186;83;NARANAK;x;
1767;85;189;211;BAYAGAZIID;x;
1768;127;192;84;BORGOSI;x;
1769;169;195;212;TUKUME;x;
1770;1;198;85;HOBORIIN;x;
1771;43;201;213;KHARTSZATUIN;x;
1772;85;204;86;TABUMODAN;x;
1773;127;207;214;UBURTYYN;x;
1774;169;210;87;LISAIN;x;
1775;1;0;215;BARUUYE;x;
1776;43;3;88;LUCHZHEN;x;
1777;85;6;216;GALHARYIN;x;
1778;127;9;89;HARUTYR;x;
1779;169;12;217;DAYAKHID;x;
1780;1;15;90;ENGERSHAND;x;
1781;43;18;218;KHODOGUI;x;
1782;85;21;91;UNDERROYN;x;
1783;127;24;219;KHOTOGTURE;x;
1784;169;27;92;DALTIHID;x;
1785;1;30;220;SHARAIIN;x;
1786;43;33;93;SOMONIGHUR;x;
1787;85;36;221;ULABAA;x;
1788;127;39;94;SUMAIN;x;
1789;169;42;222;DUGETE;x;
1790;1;45;95;HABTSAGAY;x;
1791;43;48;223;KHONGOR;x;
1792;85;51;96;TSEKHERIN;x;
1793;127;54;224;KHADAYN;x;
1794;169;57;97;DALKHAIN;x;
1795;1;60;225;AMOGOLAMBU;x;
1796;43;63;98;UBURAYN;x;
1797;85;66;226;HARANAIIN;x;
1798;127;69;99;BULAGAN;x;
1799;169;72;227;ZANJIGIN;x;
1800;1;75;0;SUVD;x;
1801;43;78;128;SARASPUR;x;
1802;85;81;1;MANDUK;x;
1803;127;84;129;KUSHTIA;x;
1804;169;87;2;KULIKUNDA;x;
1805;1;90;130;PARKOT;x;
1806;43;93;3;BARI;x;
1807;85;96;131;KHARDA;x;
1808;127;99;4;SHASHIDHARPUR;x;
1809;169;102;132;MAIJHA;x;
1810;1;105;5;BANSTOLA;x;
1811;43;108;133;SYLGYZBANDAR;x;
1812;85;111;6;JHOPPARA;x;
1813;127;114;134;KHALISADAH;x;
1814;169;117;7;NISCHINTA;x;
1815;1;120;135;BATUBAD;x;
1816;43;123;8;JUGIRTABAK;x;
1817;85;126;136;SAHADAR;x;
1818;127;129;9;BARATULI;x;
1819;169;132;137;BHAGJOAR;x;
1820;1;135;10;CHANDANPAT;x;
1821;43;138;138;FAKIRKIL;x;
1822;85;141;11;SARANJAGARI;x;
1823;127;144;139;JAMAK;x;
1824;169;147;12;LASHKARPUR;x;
1825;1;150;140;KHOLAHTI;x;
1826;43;153;13;BHABERMURA;x;
1827;85;156;141;GEZUTIA;x;
1828;127;159;14;HATIRDIA;x;
1829;169;162;142;DIBAZKUL;x;
1830;1;165;15;GHALA;x;
1831;43;168;143;DAFILAZ;x;
1832;85;171;16;SAMARSING;x;
1833;127;174;144;KASTOR;x;
1834;169;177;17;URBUZIA;x;
1835;1;180;145;TAILAPARA;x;
1836;43;183;18;SURBAFULDI;x;
1837;85;186;146;GHOSALERDARA;x;
1838;127;189;19;NIMTALI;x;
1839;169;192;147;BAHARAL;x;
1840;1;195;20;SAMANTA;x;
1841;43;198;148;KADAMTARA;x;
1842;85;201;21;DEKSHAPARA;x;
1843;127;204;149;TAUKATI;x;
1844;169;207;22;HARIKHANAGAR;x;
1845;1;210;150;JIGAGAR;x;
1846;43;0;23;TILAPARA;x;
1847;85;3;151;CHAUA;x;
1848;127;6;24;BANKHARI;x;
1849;169;9;152;BAHAKHOLL;x;
1850;1;12;25;SHAMPUR;x;
1851;43;15;153;PARAKHOLA;x;
1852;85;18;26;BARADAR;x;
1853;127;21;154;GHORAI;x;
1854;169;24;27;BURAI;x;
1855;1;27;155;BARATALA;x;
1856;43;30;28;HAMCHAPUR;x;
1857;85;33;156;GOPINAGAR;x;
1858;127;36;29;KHANARASIA;x;
1859;169;39;157;MAHISHKHER;x;
1860;1;42;30;NALKOLA;x;
1861;43;45;158;SHARIPUR;x;
1862;85;48;31;AYABPUR;x;
1863;127;51;159;MOHESPUR;x;
1864;169;54;32;MATHILLO;x;
1865;1;57;160;LALPUR;x;
1866;43;60;33;GAIRIWA;x;
1867;85;63;161;PHOGATPURA;x;
1868;127;66;34;KHARAMTAR;x;
1869;169;69;162;DEURALI;x;
1870;1;72;35;GIJET;x;
1871;43;75;163;SISNUKHARKA;x;
1872;85;78;36;MAIDANE;x;
1873;127;81;164;CHUNIBOL;x;
1874;169;84;37;BAITAR;x;
1875;1;87;165;BAJERIA;x;
1876;43;90;38;LAPHE;x;
1877;85;93;166;BHAURTOL;x;
1878;127;96;39;SALANA;x;
1879;169;99;167;CHELA;x;
1880;1;102;40;PURUN;x;
1881;43;105;168;DABUCHA;x;
1882;85;108;41;CHANDANBAR;x;
1883;127;111;169;BANGINIA;x;
1884;169;114;42;GOLJUNIA;x;
1885;1;117;170;PAKHERE;x;
1886;43;120;43;MAVARA;x;
1887;85;123;171;KOTIDANDA;x;
1888;127;126;44;MAJHARETI;x;
1889;169;129;172;LAPCHE;x;
1890;1;132;45;SIMARADHI;x;
1891;43;135;173;SISAPUR;x;
1892;85;138;46;MADHUPATTIYA;x;
1893;127;141;174;BHAARKA;x;
1894;169;144;47;PJULKHARKA;x;
1895;1;147;175;BAKA;x;
1896;43;150;48;DASHAMI;x;
1897;85;153;176;CHHEDIN;x;
1898;127;156;49;DUMRABASA;x;
1899;169;159;177;SARKITOL;x;
1900;1;162;50;CHAMPAGAOS;x;
1901;43;165;178;KADOGAOS;x;
1902;85;168;51;SAMBAOS;x;
1903;127;171;179;DHAIRENIA;x;
1904;169;174;52;SAMARGAON;x;
1905;1;177;180;KIKHUNOS;x;
1906;43;180;53;BARPHEDIA;x;
1907;85;183;181;SANOS;x;
1908;127;186;54;GUDKELOSA;x;
1909;169;189;182;KHAKHARSOS;x;
1910;1;192;55;GORUNDIA;x;
1911;43;195;183;ITHARAWA;x;
1912;85;198;56;GHOGSILIA;x;
1913;127;201;184;PHOTIA;x;
1914;169;204;57;SIMARBONA;x;
1915;1;207;185;MANTRDANOS;x;
1916;43;210;58;MOUNTAINS;x; #Sreng Mountains
1917;85;0;186;MOUNTAINS;x; #Sreng Macuil Mountains
1918;127;3;59;SACRED GWENHWYVAR;x; #Duscur Mountains
1919;169;6;187;TEUTATES MOUNTAINS;x; #Teutates Mountains
1920;1;9;60;FODLANS FANGS;x; #The Fang Mountains
1921;43;12;188;MORGAIN RAVINE;x; #Morgaine Ravine Mountains
1922;85;15;61;MORGAIN RAVINE;x; #Morgaine Ravine Mountains
1923;127;18;189;STIEGLITZ MOUNTAINS;x; #Stieglitz Mountains
1924;169;21;62;OGHMA MOUNTAINS;x; #Oghma Mountains
1925;1;24;190;OGHMA MOUNTAINS;x; #Oghma Mountains
1926;43;27;63;OGHMA MOUNTAINS;x; #Oghma Mountains
1927;85;30;191;OGHMA MOUNTAINS;x; #Oghma Mountains
1928;127;33;64;OGHMA MOUNTAINS;x; #Oghma Mountains
1929;169;36;192;OGHMA MOUNTAINS;x; #Oghma Mountains
1930;1;39;65;AILELL MOUNTAINS;x; #Ailell Mountains
1931;43;42;193;MYRDDIN MOUNAINS;x; #Myrddin Mountains
1932;85;45;66;MYRDDIN MOUNAINS;x; #Myrddin Mountains
1933;127;48;194;FODLANS THROAT;x; #Fodlans Throat
1934;169;51;67;FODLANS THROAT;x; #Fodlans Throat
1935;1;54;195;FODLANS THROAT;x; #Fodlans Throat
1936;43;57;68;BRIGID VOLCANO;x; #Brigid Volcano
1937;85;60;196;ALMYRA DESERT MOUNTAINS;x; #Almyra Desert Mountains
1938;127;63;69;ALMYRA DESERT MOUNTAINS;x; #Almyra Desert Mountains
1939;169;66;197;ALMYRA DESERT MOUNTAINS;x; #Almyra Desert Mountains
1940;1;69;70;ALMYRA DESERT MOUNTAINS;x; #Almyra Desert Mountains
1941;43;72;198;ALMYRA DESERT MOUNTAINS;x; #Almyra Desert Mountains
1942;85;75;71;ALMYRA DESERT MOUNTAINS;x; #Almyra Desert Mountains
1943;127;78;199;ALMYRA DESERT MOUNTAINS;x; #Almyra Desert Mountains
1944;169;81;72;TAGUEL VALLEY MOUNTAINS;x; #Taguel Valley Mountains
1945;1;84;200;TAGUEL VALLEY MOUNTAINS;x; #Taguel Valley Mountains
1946;43;87;73;TAGUEL VALLEY MOUNTAINS;x; #Taguel Valley Mountains
1947;85;90;201;HEART OF KOTESH;x; #Heart of Kotesh Mountains
1948;127;93;74;HEART OF KOTESH;x; #Heart of Kotesh Mountains
1949;169;96;202;HEART OF KOTESH;x; #Heart of Kotesh Mountains
1950;1;99;75;HEART OF KOTESH;x; #Heart of Kotesh Mountains
1951;43;102;203;HEART OF KOTESH;x; #Heart of Kotesh Mountains
1952;85;105;76;MORFIS VALLEY MOUNTAINS;x; #Morfis Valley Mountains
1953;127;108;204;MORFIS VALLEY MOUNTAINS;x; #Morfis Valley Mountains
1954;169;111;77;MORFIS Border MOUNTAINS;x; #Morfis Border Mountains
1955;1;114;205;MORFIS Border MOUNTAINS;x; #Morfis Border Mountains
1956;43;117;78;MORFIS Border MOUNTAINS;x; #Morfis Border Mountains
1957;85;120;206;MORFIS DESERT;x; #Morfis Desert
1958;127;123;79;MORFIS DESERT;x; #Morfis Desert
1959;169;126;207;MORFIS DESERT;x; #Morfis Desert
1960;1;129;80;MORFIS DESERT;x; #Morfis Desert
1961;43;132;208;MORFIS DESERT;x; #Morfis Desert
1962;85;135;81;LAKE TEUTATES;x; #Lake Teutates
1963;127;138;209;LAKE BRIGID;x; #BRIGID LAKE 
1964;169;141;82;LAKE IKHTAL;x; #Ikhtal Lake
1965;1;144;210;ALMYRA LAKE 1;x; #Almyra lake 1
1966;43;147;83;ALMYRA LAKE 2;x; #Almyra lake 2
1967;85;150;211;ALMYRA LAKE 3;x; #Almyra lake 3
1968;127;153;84;FODLANS THROAT;x; #Fodlans throat split
1969;169;156;212;MEDITERRA;x;
1970;1;159;85;MEDITERRA;x;
1971;43;162;213;MEDITERRA;x;
1972;85;165;86;MEDITERRA;x;
1973;127;168;214;MEDITERRA;x;
1974;169;171;87;MEDITERRA;x;
1975;1;174;215;MEDITERRA;x;
1976;43;177;88;MEDITERRA;x;
1977;85;180;216;MEDITERRA;x;
1978;127;183;89;MEDITERRA;x;
1979;169;186;217;MEDITERRA;x;
1980;1;189;90;MEDITERRA;x;
1981;43;192;218;MEDITERRA;x;
1982;85;195;91;MEDITERRA;x;
1983;127;198;219;MEDITERRA;x;
1984;169;201;92;CLAWING ISLES;x;
1985;1;204;220;CLAWING ISLES;x;
1986;43;207;93;MORFIS OCEAN;x;
1987;85;210;221;MORFIS OCEAN;x;
1988;127;0;94;MORFIS OCEAN;x;
1989;169;3;222;MORFIS OCEAN;x;
1990;1;6;95;KOTESHGER SEA;x;
1991;43;9;223;KOTESHGER SEA;x;
1992;85;12;96;KOTESHGER SEA;x;
1993;127;15;224;MACH SEA;x;
1994;169;18;97;MACH SEA;x;
1995;1;21;225;MACH SEA;x;
1996;43;24;98;MACH SEA;x;
1997;85;27;226;EAGLE BAY;x;
1998;127;30;99;EAGLE BAY;x;
1999;169;33;227;EAGLE BAY;x;
2000;2;36;0;EAGLE BAY;x;
2001;44;39;128;FIERY SEA;x;
2002;86;42;1;FIERY SEA;x;
2003;128;45;129;FIERY SEA;x;
2004;170;48;2;FIERY SEA;x;
2005;2;51;130;FIERY SEA;x;
2006;44;54;3;FIERY SEA;x;
2007;86;57;131;FIERY SEA;x;
2008;128;60;4;FIERY SEA;x;
2009;170;63;132;FIERY SEA;x;
2010;2;66;5;FIERY SEA;x;
2011;44;69;133;FIERY SEA;x;
2012;86;72;6;FIERY SEA;x;
2013;128;75;134;FIERY SEA;x;
2014;170;78;7;FIERY SEA;x;
2015;2;81;135;FIERY SEA;x;
2016;44;84;8;FIERY SEA;x;
2017;86;87;136;FIERY SEA;x;
2018;128;90;9;FIERY SEA;x;
2019;170;93;137;FIERY SEA;x;
2020;2;96;10;FIERY SEA;x;
2021;44;99;138;FIERY SEA;x;
2022;86;102;11;FIERY SEA;x;
2023;128;105;139;FIERY SEA;x;
2024;170;108;12;FIERY SEA;x;
2025;2;111;140;FIERY SEA;x;
2026;44;114;13;FIERY SEA;x;
2027;86;117;141;NUVELLE BAY;x;
2028;128;120;14;NUVELLE BAY;x;
2029;170;123;142;CAELIDONIAN STRAIT;x;
2030;2;126;15;ALBINEAN SEA;x;
2031;44;129;143;ALBINEAN SEA;x;
2032;86;132;16;ALBINEAN SEA;x;
2033;128;135;144;ALBINEAN SEA;x;
2034;170;138;17;ALBINEAN SEA;x;
2035;2;141;145;ALBINEAN SEA;x;
2036;44;144;18;ALBINEAN SEA;x;
2037;86;147;146;RHODOS SEA;x;
2038;128;150;19;RHODOS SEA;x;
2039;170;153;147;SALDERIAN SEA;x;
2040;2;156;20;SALDERIAN SEA;x;
2041;44;159;148;SALDERIAN SEA;x;
2042;86;162;21;SALDERIAN SEA;x;
2043;128;165;149;SALDERIAN SEA;x;
2044;170;168;22;FROZEN SEA;x;
2045;2;171;150;FROZEN SEA;x;
2046;44;174;23;FROZEN SEA;x;
2047;86;177;151;FROZEN SEA;x;
2048;128;180;24;FROZEN SEA;x;
2049;170;183;152;FROZEN SEA;x;
2050;2;186;25;TRADERS BAY;x;
2051;44;189;153;TRADERS BAY;x;
2052;86;192;26;WYVERN COAST;x;
2053;128;195;154;WYVERN COAST;x;
2054;170;198;27;WYVERN COAST;x;
2055;2;201;155;WYVERN COAST;x;
2056;44;204;28;WYVERN COAST;x;
2057;86;207;156;WYVERN COAST;x;
2058;128;210;29;IMPASSABLE FIERY COAST;x;
2059;170;0;157;IMPASSABLE FIERY COAST;x;
2060;2;3;30;FODLANS THROAT;x; #HALVE THE THROAT
2061;44;6;158;AIRMID RIVER;x;
2062;86;9;31;AIRMID RIVER;x;
2063;128;12;159;AIRMID RIVER;x;
2064;170;15;32;AIRMID RIVER;x;
2065;2;18;160;MORGAINE RIVER;x;
2066;44;21;33;MORGAINE RIVER;x;
2067;86;24;161;MORGAINE RIVER;x;
2068;128;27;34;MORGAINE RIVER;x;
2069;170;30;162;FORSITE RIVER;x;
2070;2;33;35;FORSITE RIVER;x;
2071;44;36;163;FORSITE RIVER;x;
2072;86;39;36;VARUNA RIVER;x;
2073;128;42;164;VARUNA RIVER;x;
2074;170;45;37;VARUNA RIVER;x;
2075;2;48;165;VARUNA RIVER;x;
2076;44;51;38;VARUNA RIVER;x;
2077;86;54;166;VARUNA RIVER;x;